0,0.205,0.0,1,7,0.0
1,0.205,0.008,1,17,0.0
2,0.205,0.01,1,27,0.0
3,0.205,0.01,1,34,0.0
4,0.205,0.014,1,42,0.0
5,0.205,0.03,1,46,0.0
6,0.205,0.034,1,52,0.0
7,0.205,0.038,1,56,0.0
8,0.205,0.042,1,58,0.0
9,0.205,0.044,1,67,0.0
10,0.205,0.048,1,72,0.0
11,0.21,0.054,2,76,0.0
12,0.215,0.056,3,81,0.0
13,0.22,0.058,3,85,0.0
14,0.225,0.064,3,86,0.0
15,0.225,0.068,4,88,0.0
16,0.215,0.07,4,92,0.01
17,0.19,0.074,4,98,0.04
18,0.135,0.076,4,100,0.095
19,0.045,0.078,4,104,0.185
20,0.035,0.082,6,109,0.2
21,0.04,0.08,6,113,0.2
22,0.04,0.08,6,117,0.2
23,0.045,0.08,6,124,0.2
24,0.045,0.082,7,127,0.2
25,0.045,0.084,8,130,0.2
26,0.045,0.084,8,136,0.2
27,0.045,0.086,8,142,0.2
28,0.05,0.086,8,146,0.2
29,0.045,0.088,8,149,0.205
30,0.04,0.086,9,152,0.21
31,0.035,0.092,9,157,0.22
32,0.045,0.094,10,158,0.22
33,0.04,0.096,10,161,0.225
34,0.04,0.096,10,164,0.215
35,0.045,0.098,10,169,0.195
36,0.04,0.098,12,176,0.16
37,0.04,0.096,12,183,0.08
38,0.035,0.094,12,186,0.045
39,0.05,0.094,12,190,0.04
40,0.055,0.09,13,195,0.04
41,0.05,0.094,13,202,0.045
42,0.05,0.1,13,206,0.045
43,0.05,0.1,13,214,0.045
44,0.05,0.1,13,220,0.045
45,0.06,0.1,14,226,0.04
46,0.07,0.1,15,232,0.04
47,0.07,0.104,16,235,0.04
48,0.07,0.106,16,240,0.05
49,0.09,0.108,16,247,0.04
50,0.09,0.108,16,250,0.04
51,0.095,0.108,16,254,0.035
52,0.09,0.108,17,263,0.045
53,0.1,0.108,17,268,0.045
54,0.105,0.11,17,272,0.04
55,0.11,0.11,17,277,0.04
56,0.115,0.11,17,285,0.035
57,0.125,0.112,17,288,0.035
58,0.105,0.114,19,295,0.045
59,0.1,0.116,20,296,0.055
60,0.105,0.118,20,301,0.05
61,0.115,0.118,20,307,0.05
62,0.12,0.118,21,310,0.05
63,0.12,0.116,21,316,0.05
64,0.1,0.118,21,319,0.07
65,0.095,0.124,22,326,0.07
66,0.1,0.13,22,335,0.07
67,0.085,0.126,22,341,0.085
68,0.08,0.126,22,345,0.095
69,0.08,0.126,22,352,0.095
70,0.065,0.124,22,356,0.1
71,0.065,0.126,23,361,0.1
72,0.07,0.122,23,368,0.1
73,0.07,0.12,23,372,0.105
74,0.065,0.118,23,372,0.11
75,0.075,0.12,24,379,0.11
76,0.065,0.118,24,386,0.115
77,0.07,0.116,24,391,0.11
78,0.07,0.116,25,391,0.105
79,0.07,0.118,25,396,0.105
80,0.075,0.12,25,399,0.105
81,0.065,0.122,25,409,0.115
82,0.075,0.12,25,416,0.105
83,0.085,0.118,25,419,0.1
84,0.09,0.122,25,423,0.09
85,0.09,0.122,25,427,0.085
86,0.095,0.12,25,428,0.085
87,0.1,0.12,25,431,0.075
88,0.11,0.124,25,436,0.06
89,0.115,0.124,25,440,0.06
90,0.11,0.126,26,444,0.065
91,0.105,0.124,26,447,0.07
92,0.1,0.124,26,451,0.07
93,0.125,0.124,26,454,0.065
94,0.115,0.126,26,456,0.06
95,0.11,0.126,26,459,0.07
96,0.115,0.124,26,465,0.07
97,0.115,0.124,26,466,0.075
98,0.115,0.124,26,474,0.07
99,0.12,0.122,27,477,0.07
100,0.12,0.124,27,481,0.075
101,0.11,0.124,27,487,0.075
102,0.095,0.128,27,490,0.09
103,0.1,0.128,27,494,0.095
104,0.09,0.13,28,500,0.1
105,0.085,0.138,31,507,0.1
106,0.1,0.138,31,511,0.1
107,0.085,0.142,31,516,0.115
108,0.11,0.138,32,521,0.115
109,0.12,0.136,32,524,0.105
110,0.115,0.144,32,527,0.105
111,0.115,0.148,33,531,0.105
112,0.1,0.148,33,535,0.11
113,0.095,0.148,34,537,0.115
114,0.105,0.15,34,542,0.11
115,0.11,0.152,35,547,0.105
116,0.11,0.154,35,551,0.115
117,0.115,0.154,35,560,0.12
118,0.13,0.152,35,561,0.11
119,0.125,0.156,35,567,0.11
120,0.13,0.158,35,573,0.105
121,0.125,0.158,35,576,0.1
122,0.13,0.164,35,579,0.1
123,0.12,0.162,36,584,0.105
124,0.13,0.164,36,585,0.085
125,0.125,0.166,36,589,0.09
126,0.12,0.164,36,597,0.1
127,0.105,0.164,37,602,0.12
128,0.105,0.158,37,606,0.115
129,0.125,0.156,37,614,0.11
130,0.125,0.156,38,623,0.115
131,0.135,0.152,38,627,0.105
132,0.135,0.15,38,633,0.11
133,0.14,0.152,39,636,0.115
134,0.145,0.154,39,642,0.105
135,0.14,0.152,39,646,0.12
136,0.13,0.152,39,657,0.135
137,0.135,0.154,39,661,0.125
138,0.135,0.154,39,662,0.13
139,0.14,0.152,39,667,0.135
140,0.145,0.154,39,672,0.14
141,0.145,0.154,39,674,0.135
142,0.14,0.152,39,678,0.135
143,0.145,0.156,39,682,0.13
144,0.135,0.158,39,685,0.115
145,0.125,0.158,39,690,0.12
146,0.115,0.158,39,695,0.125
147,0.115,0.158,39,698,0.135
148,0.12,0.16,39,703,0.13
149,0.12,0.162,39,710,0.135
150,0.105,0.164,39,723,0.14
151,0.11,0.166,39,727,0.135
152,0.1,0.164,39,735,0.145
153,0.095,0.166,39,741,0.145
154,0.1,0.162,40,744,0.14
155,0.095,0.162,40,751,0.13
156,0.08,0.16,40,755,0.14
157,0.085,0.162,40,766,0.145
158,0.075,0.154,40,774,0.145
159,0.075,0.15,40,785,0.15
160,0.075,0.146,40,791,0.145
161,0.08,0.146,42,795,0.15
162,0.085,0.146,42,799,0.14
163,0.09,0.146,43,806,0.135
164,0.085,0.148,43,813,0.135
165,0.085,0.152,43,818,0.12
166,0.09,0.156,43,825,0.125
167,0.09,0.154,44,828,0.12
168,0.085,0.156,44,830,0.125
169,0.08,0.158,44,836,0.115
170,0.08,0.154,44,839,0.11
171,0.09,0.154,44,844,0.1
172,0.08,0.154,45,848,0.1
173,0.08,0.156,45,854,0.1
174,0.09,0.154,45,856,0.09
175,0.09,0.154,46,862,0.08
176,0.095,0.15,46,866,0.08
177,0.105,0.15,46,871,0.08
178,0.13,0.146,47,875,0.075
179,0.14,0.146,47,880,0.08
180,0.135,0.146,47,888,0.085
181,0.14,0.146,47,898,0.08
182,0.13,0.144,47,902,0.095
183,0.135,0.146,47,907,0.09
184,0.13,0.146,47,911,0.09
185,0.13,0.146,47,920,0.1
186,0.13,0.138,48,927,0.095
187,0.13,0.144,49,933,0.09
188,0.135,0.142,49,937,0.09
189,0.135,0.142,49,943,0.085
190,0.12,0.142,50,947,0.095
191,0.105,0.144,50,947,0.105
192,0.115,0.148,50,950,0.095
193,0.115,0.148,50,958,0.095
194,0.115,0.152,50,961,0.105
195,0.115,0.15,50,965,0.115
196,0.11,0.15,50,967,0.125
197,0.105,0.152,50,973,0.13
198,0.1,0.156,50,978,0.14
199,0.115,0.156,50,982,0.13
200,0.125,0.154,50,988,0.135
201,0.125,0.156,50,993,0.125
202,0.12,0.158,50,995,0.13
203,0.125,0.158,50,998,0.13
204,0.125,0.154,50,1002,0.125
205,0.125,0.152,51,1009,0.125
206,0.115,0.15,52,1016,0.13
207,0.115,0.15,52,1021,0.13
208,0.11,0.154,52,1023,0.13
209,0.115,0.156,52,1028,0.115
210,0.12,0.158,52,1035,0.1
211,0.12,0.156,52,1041,0.1
212,0.115,0.16,53,1042,0.115
213,0.095,0.162,54,1053,0.135
214,0.1,0.164,54,1056,0.11
215,0.1,0.162,54,1059,0.11
216,0.1,0.164,54,1063,0.115
217,0.11,0.162,54,1069,0.115
218,0.095,0.162,54,1078,0.12
219,0.085,0.162,54,1081,0.12
220,0.09,0.162,54,1086,0.125
221,0.085,0.164,54,1089,0.125
222,0.085,0.162,55,1093,0.125
223,0.095,0.164,56,1094,0.12
224,0.095,0.164,57,1096,0.12
225,0.105,0.166,57,1104,0.12
226,0.105,0.168,57,1109,0.115
227,0.115,0.168,57,1115,0.11
228,0.12,0.166,57,1118,0.105
229,0.125,0.174,57,1124,0.115
230,0.12,0.17,57,1127,0.12
231,0.125,0.174,57,1130,0.115
232,0.13,0.172,58,1135,0.1
233,0.125,0.17,58,1142,0.105
234,0.105,0.176,58,1149,0.115
235,0.105,0.176,59,1157,0.11
236,0.105,0.176,59,1160,0.11
237,0.115,0.18,59,1165,0.1
238,0.14,0.174,59,1172,0.1
239,0.145,0.174,59,1177,0.1
240,0.145,0.18,59,1182,0.1
241,0.14,0.18,59,1189,0.11
242,0.14,0.188,60,1194,0.11
243,0.15,0.19,60,1199,0.11
244,0.15,0.188,60,1203,0.115
245,0.165,0.194,61,1209,0.12
246,0.16,0.194,61,1214,0.12
247,0.155,0.196,61,1218,0.125
248,0.15,0.196,61,1223,0.135
249,0.155,0.192,61,1232,0.135
250,0.16,0.198,61,1234,0.135
251,0.17,0.196,62,1239,0.135
252,0.17,0.196,63,1246,0.125
253,0.165,0.198,63,1253,0.12
254,0.17,0.198,63,1261,0.115
255,0.165,0.2,63,1267,0.125
256,0.155,0.2,63,1269,0.135
257,0.15,0.202,63,1273,0.14
258,0.15,0.204,63,1279,0.15
259,0.155,0.204,64,1290,0.15
260,0.16,0.204,64,1291,0.155
261,0.155,0.208,64,1302,0.15
262,0.165,0.21,64,1306,0.15
263,0.145,0.212,64,1313,0.17
264,0.15,0.212,64,1316,0.175
265,0.155,0.214,64,1324,0.17
266,0.155,0.216,65,1327,0.175
267,0.15,0.22,65,1334,0.165
268,0.15,0.224,65,1338,0.165
269,0.155,0.224,65,1342,0.175
270,0.15,0.226,65,1345,0.17
271,0.145,0.228,65,1349,0.175
272,0.14,0.23,65,1355,0.18
273,0.14,0.23,65,1358,0.17
274,0.15,0.234,65,1360,0.155
275,0.15,0.236,65,1366,0.155
276,0.14,0.232,65,1372,0.145
277,0.125,0.232,65,1378,0.155
278,0.125,0.234,66,1384,0.155
279,0.125,0.234,66,1388,0.155
280,0.135,0.236,66,1396,0.155
281,0.15,0.236,66,1400,0.145
282,0.145,0.238,66,1405,0.15
283,0.14,0.24,66,1410,0.16
284,0.14,0.246,66,1414,0.165
285,0.145,0.25,66,1421,0.17
286,0.15,0.246,66,1422,0.155
287,0.16,0.25,66,1426,0.165
288,0.17,0.252,66,1431,0.165
289,0.175,0.252,67,1433,0.165
290,0.17,0.254,67,1434,0.165
291,0.175,0.256,68,1438,0.165
292,0.18,0.262,68,1443,0.16
293,0.17,0.262,68,1447,0.17
294,0.17,0.264,68,1451,0.17
295,0.175,0.264,68,1454,0.16
296,0.175,0.264,69,1457,0.15
297,0.175,0.262,69,1464,0.16
298,0.185,0.264,69,1469,0.155
299,0.18,0.262,70,1473,0.175
300,0.175,0.264,70,1477,0.17
301,0.16,0.264,70,1482,0.185
302,0.16,0.266,70,1489,0.165
303,0.185,0.268,70,1493,0.165
304,0.18,0.262,70,1499,0.175
305,0.175,0.26,70,1507,0.175
306,0.18,0.252,70,1513,0.175
307,0.175,0.25,70,1522,0.2
308,0.17,0.246,70,1526,0.2
309,0.165,0.244,71,1528,0.205
310,0.175,0.244,71,1531,0.2
311,0.185,0.246,72,1536,0.19
312,0.185,0.25,73,1539,0.195
313,0.195,0.252,74,1544,0.185
314,0.2,0.254,74,1550,0.2
315,0.2,0.264,74,1560,0.205
316,0.205,0.262,75,1563,0.2
317,0.185,0.27,76,1567,0.205
318,0.2,0.274,76,1573,0.185
319,0.195,0.274,77,1579,0.18
320,0.2,0.27,77,1582,0.185
321,0.18,0.268,77,1587,0.195
322,0.165,0.27,78,1595,0.205
323,0.155,0.272,78,1597,0.215
324,0.155,0.274,78,1604,0.215
325,0.145,0.27,78,1608,0.21
326,0.14,0.272,78,1614,0.205
327,0.14,0.274,79,1619,0.2
328,0.17,0.274,79,1626,0.195
329,0.175,0.274,79,1635,0.21
330,0.17,0.268,80,1641,0.225
331,0.175,0.268,80,1648,0.225
332,0.165,0.266,80,1651,0.225
333,0.16,0.272,80,1660,0.235
334,0.155,0.272,80,1664,0.24
335,0.17,0.272,80,1668,0.23
336,0.175,0.27,81,1676,0.205
337,0.17,0.27,82,1683,0.22
338,0.17,0.266,83,1687,0.22
339,0.17,0.266,83,1694,0.21
340,0.185,0.262,83,1702,0.19
341,0.2,0.26,83,1706,0.185
342,0.205,0.258,84,1711,0.17
343,0.195,0.256,84,1717,0.17
344,0.195,0.252,85,1722,0.175
345,0.195,0.258,85,1728,0.175
346,0.19,0.256,85,1733,0.19
347,0.18,0.252,85,1737,0.19
348,0.18,0.25,85,1741,0.2
349,0.19,0.246,85,1744,0.195
350,0.175,0.252,85,1748,0.2
351,0.185,0.254,85,1755,0.185
352,0.175,0.252,85,1759,0.19
353,0.19,0.254,85,1765,0.175
354,0.175,0.25,85,1771,0.195
355,0.165,0.248,85,1773,0.195
356,0.17,0.248,85,1779,0.195
357,0.18,0.244,86,1789,0.205
358,0.19,0.242,86,1794,0.205
359,0.195,0.242,86,1799,0.215
360,0.205,0.244,86,1803,0.225
361,0.215,0.244,86,1809,0.225
362,0.21,0.246,86,1816,0.215
363,0.21,0.25,86,1824,0.225
364,0.215,0.252,86,1828,0.215
365,0.22,0.252,86,1832,0.21
366,0.22,0.25,86,1838,0.21
367,0.205,0.254,86,1838,0.21
368,0.22,0.26,87,1842,0.21
369,0.215,0.266,87,1845,0.215
370,0.21,0.264,88,1849,0.215
371,0.205,0.26,88,1852,0.22
372,0.195,0.258,88,1858,0.22
373,0.19,0.258,89,1865,0.21
374,0.19,0.262,89,1869,0.2
375,0.19,0.264,89,1872,0.205
376,0.185,0.264,89,1877,0.205
377,0.165,0.27,89,1885,0.225
378,0.16,0.268,89,1891,0.23
379,0.155,0.268,89,1894,0.235
380,0.16,0.268,89,1901,0.235
381,0.165,0.266,89,1907,0.245
382,0.18,0.266,89,1911,0.24
383,0.19,0.264,89,1916,0.235
384,0.175,0.264,90,1923,0.245
385,0.17,0.26,90,1927,0.235
386,0.17,0.262,90,1933,0.23
387,0.17,0.264,90,1940,0.235
388,0.185,0.27,90,1948,0.24
389,0.195,0.272,90,1952,0.24
390,0.195,0.274,90,1955,0.225
391,0.2,0.276,90,1963,0.22
392,0.205,0.272,90,1966,0.215
393,0.21,0.276,91,1972,0.21
394,0.195,0.276,91,1978,0.215
395,0.21,0.276,91,1982,0.195
396,0.195,0.28,92,1994,0.2
397,0.195,0.278,92,1999,0.185
398,0.185,0.28,92,2005,0.185
399,0.175,0.282,92,2010,0.2
400,0.18,0.282,92,2013,0.205
401,0.155,0.288,92,2018,0.215
402,0.16,0.284,92,2026,0.21
403,0.165,0.286,93,2034,0.21
404,0.18,0.282,93,2037,0.195
405,0.165,0.28,93,2045,0.21
406,0.17,0.276,93,2050,0.205
407,0.165,0.278,93,2054,0.215
408,0.17,0.278,93,2059,0.215
409,0.165,0.278,93,2064,0.225
410,0.185,0.276,93,2067,0.23
411,0.19,0.28,93,2075,0.24
412,0.19,0.278,93,2078,0.245
413,0.185,0.276,93,2081,0.24
414,0.18,0.278,93,2086,0.25
415,0.19,0.274,93,2088,0.23
416,0.19,0.28,94,2096,0.225
417,0.18,0.276,94,2099,0.22
418,0.18,0.28,94,2101,0.2
419,0.16,0.284,94,2105,0.21
420,0.155,0.282,94,2111,0.21
421,0.155,0.274,94,2115,0.195
422,0.15,0.276,95,2119,0.21
423,0.14,0.276,96,2121,0.215
424,0.15,0.272,96,2128,0.195
425,0.15,0.272,96,2138,0.2
426,0.16,0.272,96,2147,0.205
427,0.15,0.272,98,2155,0.2
428,0.125,0.274,98,2164,0.215
429,0.12,0.272,98,2167,0.215
430,0.13,0.27,98,2172,0.22
431,0.125,0.27,98,2179,0.22
432,0.15,0.264,98,2190,0.21
433,0.145,0.25,99,2193,0.22
434,0.15,0.25,99,2201,0.225
435,0.16,0.254,99,2208,0.22
436,0.17,0.254,99,2212,0.215
437,0.165,0.254,99,2219,0.205
438,0.175,0.26,99,2221,0.195
439,0.17,0.264,100,2226,0.2
440,0.18,0.268,100,2233,0.2
441,0.17,0.27,100,2239,0.19
442,0.175,0.268,101,2245,0.195
443,0.19,0.268,101,2251,0.195
444,0.19,0.266,102,2253,0.19
445,0.19,0.27,102,2258,0.185
446,0.19,0.272,102,2264,0.17
447,0.215,0.27,102,2268,0.17
448,0.21,0.272,102,2274,0.17
449,0.205,0.276,103,2280,0.16
450,0.195,0.274,103,2283,0.175
451,0.19,0.276,103,2285,0.185
452,0.17,0.282,104,2293,0.195
453,0.175,0.28,104,2299,0.195
454,0.18,0.278,104,2307,0.21
455,0.19,0.272,104,2311,0.215
456,0.19,0.276,104,2313,0.21
457,0.195,0.276,105,2317,0.215
458,0.19,0.274,105,2324,0.225
459,0.19,0.274,105,2329,0.22
460,0.185,0.272,105,2336,0.235
461,0.18,0.266,106,2341,0.23
462,0.18,0.262,106,2346,0.22
463,0.18,0.262,106,2350,0.23
464,0.19,0.266,106,2357,0.23
465,0.195,0.27,107,2362,0.24
466,0.195,0.272,107,2367,0.24
467,0.195,0.272,107,2371,0.25
468,0.185,0.27,108,2381,0.255
469,0.19,0.264,108,2388,0.24
470,0.18,0.266,108,2394,0.24
471,0.19,0.264,108,2402,0.23
472,0.185,0.266,109,2406,0.235
473,0.175,0.268,109,2412,0.225
474,0.17,0.27,109,2419,0.235
475,0.185,0.268,109,2421,0.23
476,0.165,0.27,109,2423,0.25
477,0.19,0.272,109,2427,0.235
478,0.18,0.278,109,2435,0.23
479,0.17,0.278,109,2439,0.235
480,0.16,0.284,110,2443,0.24
481,0.14,0.28,111,2446,0.265
482,0.14,0.28,112,2448,0.255
483,0.145,0.282,112,2453,0.25
484,0.145,0.286,112,2460,0.25
485,0.135,0.28,112,2462,0.25
486,0.145,0.284,112,2465,0.25
487,0.15,0.282,112,2472,0.23
488,0.15,0.276,112,2475,0.235
489,0.145,0.28,112,2481,0.24
490,0.13,0.274,112,2487,0.25
491,0.125,0.272,112,2493,0.24
492,0.125,0.27,112,2500,0.23
493,0.12,0.268,112,2507,0.235
494,0.125,0.264,112,2510,0.225
495,0.13,0.264,112,2515,0.235
496,0.13,0.264,112,2521,0.235
497,0.135,0.264,112,2524,0.24
498,0.145,0.26,113,2530,0.225
499,0.145,0.258,114,2535,0.215
500,0.15,0.256,114,2542,0.195
501,0.175,0.254,115,2546,0.19
502,0.165,0.25,115,2553,0.205
503,0.17,0.246,116,2562,0.195
504,0.185,0.244,116,2572,0.185
505,0.17,0.24,116,2578,0.205
506,0.165,0.24,117,2584,0.205
507,0.16,0.236,117,2589,0.205
508,0.165,0.242,118,2592,0.195
509,0.165,0.248,118,2595,0.185
510,0.175,0.248,118,2601,0.185
511,0.185,0.246,118,2609,0.18
512,0.195,0.244,118,2613,0.185
513,0.195,0.246,118,2619,0.17
514,0.185,0.244,118,2621,0.17
515,0.165,0.246,118,2628,0.185
516,0.175,0.246,118,2630,0.195
517,0.18,0.25,118,2634,0.2
518,0.165,0.252,118,2636,0.22
519,0.17,0.252,118,2638,0.225
520,0.16,0.252,118,2642,0.22
521,0.185,0.252,118,2648,0.22
522,0.175,0.25,119,2653,0.235
523,0.165,0.252,119,2657,0.24
524,0.165,0.248,119,2665,0.23
525,0.16,0.242,119,2668,0.23
526,0.16,0.24,119,2672,0.23
527,0.165,0.244,119,2675,0.225
528,0.175,0.244,119,2678,0.23
529,0.165,0.24,119,2683,0.24
530,0.14,0.242,119,2687,0.255
531,0.145,0.24,119,2693,0.245
532,0.145,0.24,119,2701,0.23
533,0.145,0.24,119,2708,0.24
534,0.145,0.238,119,2716,0.23
535,0.135,0.236,120,2720,0.245
536,0.135,0.236,121,2726,0.245
537,0.125,0.234,121,2735,0.24
538,0.13,0.232,121,2742,0.23
539,0.115,0.23,122,2747,0.245
540,0.11,0.23,122,2754,0.24
541,0.12,0.228,122,2762,0.225
542,0.125,0.228,122,2765,0.22
543,0.13,0.228,122,2771,0.22
544,0.125,0.228,122,2776,0.22
545,0.125,0.228,123,2780,0.22
546,0.135,0.232,123,2786,0.23
547,0.12,0.232,123,2790,0.23
548,0.125,0.232,123,2797,0.22
549,0.125,0.23,123,2805,0.21
550,0.13,0.23,123,2808,0.205
551,0.135,0.226,123,2812,0.2
552,0.13,0.226,123,2822,0.2
553,0.12,0.218,123,2827,0.21
554,0.12,0.218,123,2830,0.2
555,0.13,0.222,123,2835,0.185
556,0.135,0.222,125,2839,0.185
557,0.15,0.22,125,2843,0.185
558,0.155,0.224,125,2847,0.175
559,0.155,0.226,125,2858,0.18
560,0.155,0.236,125,2861,0.185
561,0.17,0.244,126,2867,0.195
562,0.19,0.244,126,2873,0.195
563,0.185,0.248,126,2876,0.205
564,0.185,0.256,126,2886,0.21
565,0.2,0.256,126,2889,0.19
566,0.195,0.258,126,2896,0.185
567,0.195,0.256,126,2900,0.19
568,0.2,0.26,127,2905,0.2
569,0.205,0.27,127,2909,0.205
570,0.21,0.272,127,2912,0.205
571,0.21,0.274,127,2915,0.2
572,0.225,0.276,127,2919,0.185
573,0.225,0.28,127,2924,0.185
574,0.22,0.288,127,2928,0.2
575,0.24,0.286,127,2934,0.205
576,0.245,0.284,127,2942,0.215
577,0.25,0.282,127,2946,0.22
578,0.235,0.282,128,2949,0.23
579,0.23,0.282,128,2955,0.24
580,0.22,0.284,129,2960,0.235
581,0.21,0.286,129,2964,0.235
582,0.2,0.284,129,2967,0.245
583,0.185,0.29,129,2970,0.26
584,0.175,0.29,129,2975,0.275
585,0.18,0.29,129,2980,0.275
586,0.175,0.294,129,2983,0.27
587,0.16,0.298,129,2987,0.275
588,0.17,0.298,129,2992,0.275
589,0.165,0.292,130,2996,0.28
590,0.175,0.292,130,2999,0.28
591,0.16,0.29,130,3001,0.3
592,0.155,0.292,130,3008,0.285
593,0.155,0.294,130,3014,0.3
594,0.145,0.296,130,3018,0.305
595,0.13,0.294,130,3023,0.315
596,0.135,0.294,130,3028,0.31
597,0.125,0.296,130,3031,0.31
598,0.13,0.294,130,3034,0.295
599,0.13,0.294,130,3039,0.29
600,0.155,0.29,130,3043,0.27
601,0.165,0.29,130,3046,0.27
602,0.17,0.288,130,3049,0.245
603,0.17,0.29,130,3054,0.26
604,0.19,0.292,131,3062,0.25
605,0.195,0.29,131,3068,0.245
606,0.2,0.296,131,3074,0.23
607,0.2,0.294,131,3077,0.23
608,0.185,0.296,131,3081,0.24
609,0.18,0.298,132,3087,0.245
610,0.19,0.298,132,3087,0.245
611,0.195,0.302,133,3094,0.23
612,0.185,0.314,133,3105,0.225
613,0.18,0.312,134,3110,0.21
614,0.18,0.312,135,3114,0.205
615,0.185,0.316,135,3120,0.215
616,0.2,0.31,135,3123,0.21
617,0.2,0.312,135,3131,0.205
618,0.185,0.318,135,3135,0.225
619,0.205,0.322,135,3141,0.225
620,0.21,0.316,136,3148,0.23
621,0.205,0.326,136,3151,0.235
622,0.2,0.328,136,3153,0.245
623,0.185,0.332,137,3158,0.26
624,0.17,0.328,137,3161,0.275
625,0.19,0.326,137,3163,0.27
626,0.205,0.326,138,3166,0.26
627,0.215,0.328,138,3168,0.245
628,0.225,0.33,138,3172,0.245
629,0.22,0.338,138,3176,0.265
630,0.215,0.334,138,3181,0.26
631,0.215,0.336,138,3185,0.25
632,0.21,0.336,138,3188,0.26
633,0.205,0.334,138,3189,0.265
634,0.205,0.334,138,3194,0.27
635,0.215,0.334,138,3198,0.275
636,0.215,0.336,138,3206,0.29
637,0.225,0.334,138,3211,0.27
638,0.215,0.33,139,3217,0.27
639,0.225,0.324,139,3220,0.265
640,0.235,0.328,139,3227,0.25
641,0.23,0.33,139,3231,0.265
642,0.23,0.328,139,3235,0.255
643,0.23,0.328,139,3239,0.265
644,0.22,0.328,139,3245,0.28
645,0.22,0.326,139,3250,0.285
646,0.225,0.33,139,3252,0.29
647,0.235,0.328,139,3256,0.285
648,0.235,0.33,139,3259,0.295
649,0.24,0.332,139,3260,0.28
650,0.225,0.334,139,3262,0.29
651,0.22,0.336,140,3267,0.285
652,0.205,0.336,140,3271,0.295
653,0.195,0.338,140,3275,0.29
654,0.195,0.338,141,3281,0.285
655,0.19,0.338,141,3283,0.29
656,0.17,0.338,141,3285,0.295
657,0.185,0.336,141,3292,0.3
658,0.18,0.334,141,3294,0.315
659,0.185,0.332,141,3297,0.325
660,0.2,0.34,141,3299,0.315
661,0.205,0.34,141,3304,0.315
662,0.205,0.338,141,3311,0.31
663,0.19,0.336,141,3314,0.315
664,0.19,0.334,141,3321,0.305
665,0.18,0.324,142,3322,0.315
666,0.18,0.322,142,3330,0.315
667,0.18,0.316,143,3332,0.31
668,0.195,0.326,144,3339,0.305
669,0.205,0.324,144,3344,0.3
670,0.21,0.316,144,3347,0.305
671,0.225,0.322,144,3353,0.29
672,0.225,0.32,144,3360,0.28
673,0.23,0.314,144,3366,0.285
674,0.245,0.318,144,3374,0.27
675,0.235,0.318,144,3380,0.265
676,0.21,0.318,144,3384,0.28
677,0.2,0.316,144,3388,0.265
678,0.19,0.316,144,3395,0.27
679,0.18,0.316,144,3401,0.285
680,0.2,0.318,144,3407,0.27
681,0.215,0.32,144,3409,0.265
682,0.205,0.32,145,3413,0.26
683,0.195,0.318,145,3420,0.27
684,0.195,0.316,145,3427,0.26
685,0.19,0.318,145,3434,0.25
686,0.165,0.318,146,3439,0.275
687,0.175,0.32,146,3449,0.275
688,0.165,0.312,147,3455,0.285
689,0.145,0.304,147,3459,0.295
690,0.125,0.304,147,3463,0.32
691,0.125,0.304,148,3469,0.32
692,0.12,0.302,149,3477,0.325
693,0.13,0.3,149,3482,0.32
694,0.14,0.302,149,3486,0.3
695,0.145,0.3,149,3489,0.28
696,0.15,0.3,149,3496,0.28
697,0.155,0.298,149,3500,0.285
698,0.16,0.298,150,3505,0.27
699,0.145,0.302,150,3510,0.295
700,0.145,0.302,150,3517,0.29
701,0.14,0.304,150,3521,0.295
702,0.16,0.306,150,3526,0.28
703,0.165,0.304,151,3530,0.275
704,0.17,0.302,151,3540,0.26
705,0.165,0.304,151,3548,0.265
706,0.17,0.3,151,3555,0.255
707,0.16,0.302,151,3557,0.255
708,0.16,0.3,152,3564,0.24
709,0.175,0.304,152,3570,0.22
710,0.165,0.31,152,3578,0.22
711,0.16,0.308,152,3581,0.22
712,0.16,0.31,152,3588,0.23
713,0.155,0.308,153,3601,0.245
714,0.15,0.302,153,3604,0.245
715,0.16,0.3,153,3606,0.245
716,0.155,0.3,153,3610,0.245
717,0.175,0.3,153,3616,0.245
718,0.165,0.296,153,3620,0.245
719,0.17,0.294,153,3625,0.24
720,0.17,0.296,153,3630,0.245
721,0.195,0.296,153,3634,0.25
722,0.195,0.298,153,3637,0.255
723,0.19,0.302,153,3643,0.255
724,0.175,0.3,153,3644,0.265
725,0.165,0.3,153,3647,0.26
726,0.18,0.308,153,3652,0.255
727,0.215,0.306,154,3661,0.255
728,0.21,0.306,154,3667,0.255
729,0.205,0.312,154,3672,0.255
730,0.215,0.316,155,3673,0.25
731,0.205,0.318,155,3679,0.26
732,0.205,0.32,155,3681,0.26
733,0.215,0.32,155,3685,0.25
734,0.215,0.322,155,3692,0.245
735,0.225,0.326,155,3698,0.245
736,0.22,0.326,155,3703,0.26
737,0.225,0.324,155,3711,0.26
738,0.23,0.318,155,3713,0.27
739,0.22,0.324,155,3718,0.27
740,0.215,0.32,155,3723,0.29
741,0.205,0.322,155,3731,0.295
742,0.21,0.316,155,3735,0.28
743,0.215,0.314,155,3738,0.265
744,0.2,0.316,156,3743,0.27
745,0.195,0.324,157,3753,0.285
746,0.185,0.324,157,3758,0.295
747,0.18,0.32,157,3759,0.31
748,0.185,0.324,157,3765,0.295
749,0.19,0.32,157,3766,0.3
750,0.195,0.318,157,3769,0.295
751,0.21,0.322,157,3771,0.295
752,0.205,0.324,157,3775,0.31
753,0.2,0.324,157,3785,0.305
754,0.19,0.324,157,3792,0.31
755,0.195,0.324,158,3798,0.305
756,0.19,0.322,158,3804,0.315
757,0.195,0.32,158,3812,0.31
758,0.195,0.322,158,3815,0.305
759,0.19,0.328,158,3819,0.315
760,0.19,0.332,158,3820,0.3
761,0.19,0.332,158,3824,0.295
762,0.195,0.334,158,3828,0.305
763,0.205,0.33,158,3830,0.29
764,0.185,0.33,158,3839,0.305
765,0.185,0.326,159,3844,0.295
766,0.185,0.32,159,3850,0.285
767,0.165,0.32,160,3851,0.3
768,0.165,0.32,160,3853,0.295
769,0.16,0.32,161,3858,0.295
770,0.155,0.322,163,3861,0.295
771,0.145,0.322,163,3868,0.285
772,0.13,0.316,164,3877,0.295
773,0.14,0.314,164,3888,0.29
774,0.145,0.312,164,3890,0.29
775,0.14,0.312,164,3895,0.28
776,0.135,0.308,164,3903,0.3
777,0.14,0.3,164,3909,0.29
778,0.135,0.304,164,3917,0.29
779,0.15,0.304,164,3918,0.29
780,0.16,0.308,165,3921,0.28
781,0.16,0.31,166,3924,0.28
782,0.16,0.312,166,3928,0.29
783,0.16,0.308,166,3931,0.285
784,0.185,0.306,167,3938,0.275
785,0.19,0.3,167,3943,0.275
786,0.19,0.302,168,3949,0.27
787,0.185,0.298,168,3955,0.275
788,0.195,0.292,168,3958,0.255
789,0.205,0.294,168,3961,0.26
790,0.215,0.296,168,3963,0.25
791,0.23,0.298,169,3967,0.25
792,0.235,0.302,169,3975,0.245
793,0.23,0.304,169,3982,0.25
794,0.225,0.3,169,3986,0.255
795,0.235,0.308,170,3992,0.245
796,0.235,0.314,171,3996,0.24
797,0.24,0.316,171,3999,0.25
798,0.23,0.318,171,4003,0.265
799,0.24,0.32,172,4010,0.25
800,0.235,0.322,173,4013,0.255
801,0.225,0.33,173,4026,0.27
802,0.22,0.32,173,4033,0.275
803,0.2,0.312,173,4039,0.295
804,0.19,0.312,173,4050,0.295
805,0.19,0.312,173,4055,0.29
806,0.205,0.31,174,4056,0.29
807,0.205,0.31,174,4060,0.295
808,0.195,0.312,174,4069,0.31
809,0.185,0.316,174,4074,0.335
810,0.18,0.312,175,4079,0.335
811,0.185,0.31,175,4084,0.325
812,0.185,0.308,175,4088,0.32
813,0.18,0.306,175,4091,0.34
814,0.175,0.312,175,4094,0.35
815,0.18,0.31,175,4096,0.355
816,0.195,0.31,175,4109,0.34
817,0.18,0.3,176,4120,0.34
818,0.175,0.292,176,4128,0.35
819,0.19,0.288,176,4132,0.35
820,0.185,0.288,176,4138,0.33
821,0.18,0.29,176,4142,0.325
822,0.18,0.29,176,4147,0.305
823,0.175,0.288,176,4154,0.305
824,0.175,0.286,178,4161,0.31
825,0.18,0.282,178,4165,0.31
826,0.195,0.284,178,4170,0.29
827,0.195,0.282,178,4175,0.29
828,0.18,0.282,178,4178,0.295
829,0.18,0.286,178,4182,0.3
830,0.18,0.286,178,4188,0.29
831,0.175,0.284,179,4195,0.295
832,0.165,0.28,179,4200,0.29
833,0.175,0.278,179,4206,0.3
834,0.185,0.274,179,4212,0.29
835,0.175,0.278,179,4217,0.305
836,0.18,0.278,179,4220,0.3
837,0.18,0.28,179,4225,0.3
838,0.17,0.276,179,4226,0.305
839,0.185,0.28,179,4230,0.3
840,0.2,0.276,179,4238,0.295
841,0.2,0.274,179,4243,0.3
842,0.185,0.272,179,4249,0.31
843,0.175,0.274,179,4256,0.3
844,0.16,0.278,180,4263,0.315
845,0.17,0.274,180,4265,0.3
846,0.17,0.274,180,4270,0.305
847,0.165,0.272,180,4273,0.29
848,0.165,0.27,180,4279,0.285
849,0.145,0.27,180,4289,0.3
850,0.14,0.258,180,4295,0.28
851,0.145,0.26,180,4298,0.285
852,0.15,0.262,180,4304,0.28
853,0.13,0.264,180,4309,0.295
854,0.135,0.264,180,4319,0.295
855,0.135,0.26,180,4324,0.295
856,0.135,0.264,181,4328,0.29
857,0.125,0.26,181,4333,0.3
858,0.12,0.262,181,4337,0.31
859,0.12,0.26,181,4345,0.305
860,0.135,0.256,181,4354,0.31
861,0.15,0.256,181,4356,0.305
862,0.15,0.254,181,4360,0.285
863,0.145,0.254,182,4368,0.275
864,0.14,0.25,183,4373,0.285
865,0.145,0.252,183,4375,0.285
866,0.16,0.254,183,4380,0.275
867,0.165,0.26,183,4383,0.265
868,0.17,0.264,183,4391,0.26
869,0.165,0.264,184,4397,0.26
870,0.165,0.262,184,4399,0.26
871,0.16,0.26,184,4409,0.25
872,0.155,0.258,184,4413,0.245
873,0.155,0.26,184,4416,0.245
874,0.17,0.264,184,4422,0.235
875,0.16,0.26,185,4430,0.235
876,0.16,0.26,186,4432,0.24
877,0.15,0.258,186,4438,0.255
878,0.145,0.256,186,4444,0.26
879,0.135,0.256,186,4447,0.26
880,0.14,0.256,186,4452,0.26
881,0.13,0.258,187,4457,0.26
882,0.145,0.262,188,4462,0.26
883,0.135,0.268,188,4468,0.265
884,0.155,0.266,189,4476,0.255
885,0.155,0.264,189,4479,0.265
886,0.17,0.266,189,4483,0.275
887,0.17,0.266,189,4488,0.29
888,0.165,0.272,189,4494,0.285
889,0.175,0.274,189,4498,0.28
890,0.17,0.282,189,4503,0.28
891,0.165,0.282,189,4506,0.29
892,0.17,0.278,189,4514,0.28
893,0.17,0.276,189,4520,0.29
894,0.175,0.28,189,4525,0.28
895,0.18,0.28,190,4527,0.27
896,0.18,0.284,190,4529,0.255
897,0.185,0.286,190,4535,0.26
898,0.18,0.286,190,4541,0.27
899,0.18,0.294,190,4547,0.255
900,0.18,0.292,190,4550,0.255
901,0.165,0.292,190,4552,0.27
902,0.16,0.29,190,4554,0.265
903,0.175,0.29,190,4559,0.27
904,0.17,0.29,190,4562,0.28
905,0.135,0.294,190,4567,0.29
906,0.14,0.29,190,4568,0.29
907,0.16,0.292,190,4571,0.285
908,0.165,0.292,190,4573,0.3
909,0.17,0.294,190,4580,0.285
910,0.175,0.292,190,4585,0.285
911,0.18,0.294,191,4588,0.28
912,0.17,0.292,191,4594,0.29
913,0.175,0.29,191,4609,0.305
914,0.18,0.284,192,4614,0.305
915,0.165,0.284,192,4622,0.315
916,0.175,0.28,192,4628,0.31
917,0.175,0.288,192,4632,0.31
918,0.185,0.294,192,4636,0.3
919,0.18,0.294,192,4644,0.305
920,0.175,0.294,192,4647,0.3
921,0.165,0.294,192,4651,0.305
922,0.165,0.288,192,4653,0.305
923,0.175,0.288,192,4657,0.285
924,0.17,0.288,192,4667,0.28
925,0.16,0.28,193,4670,0.275
926,0.155,0.276,193,4674,0.29
927,0.135,0.28,193,4676,0.3
928,0.14,0.278,193,4682,0.305
929,0.135,0.272,193,4688,0.31
930,0.14,0.268,193,4691,0.31
931,0.145,0.272,193,4696,0.305
932,0.145,0.268,194,4698,0.305
933,0.15,0.272,194,4700,0.305
934,0.15,0.276,194,4705,0.295
935,0.145,0.28,194,4708,0.295
936,0.145,0.284,194,4714,0.31
937,0.145,0.28,194,4718,0.32
938,0.15,0.278,194,4724,0.315
939,0.155,0.28,194,4729,0.305
940,0.17,0.28,194,4735,0.305
941,0.165,0.28,194,4736,0.3
942,0.17,0.28,194,4746,0.3
943,0.165,0.278,194,4749,0.29
944,0.17,0.282,195,4752,0.28
945,0.155,0.276,195,4758,0.28
946,0.16,0.28,195,4763,0.28
947,0.17,0.282,195,4765,0.265
948,0.18,0.28,195,4768,0.255
949,0.155,0.28,195,4777,0.29
950,0.175,0.27,195,4783,0.285
951,0.17,0.272,195,4789,0.29
952,0.18,0.276,195,4795,0.295
953,0.165,0.274,195,4804,0.3
954,0.18,0.272,195,4809,0.29
955,0.185,0.266,195,4811,0.275
956,0.17,0.27,195,4818,0.285
957,0.175,0.26,195,4821,0.29
958,0.17,0.26,195,4830,0.295
959,0.17,0.262,195,4830,0.3
960,0.175,0.264,195,4838,0.295
961,0.17,0.268,195,4841,0.295
962,0.165,0.272,195,4847,0.3
963,0.17,0.266,195,4862,0.3
964,0.18,0.262,195,4867,0.29
965,0.185,0.26,195,4874,0.305
966,0.175,0.258,195,4879,0.31
967,0.175,0.254,195,4882,0.3
968,0.18,0.252,196,4887,0.305
969,0.17,0.258,196,4896,0.325
970,0.175,0.254,196,4901,0.32
971,0.175,0.256,197,4903,0.31
972,0.165,0.254,197,4909,0.315
973,0.165,0.25,197,4911,0.325
974,0.17,0.252,197,4917,0.305
975,0.165,0.256,197,4924,0.3
976,0.16,0.252,197,4928,0.31
977,0.15,0.252,197,4932,0.31
978,0.15,0.254,197,4935,0.31
979,0.16,0.252,197,4942,0.31
980,0.16,0.248,197,4945,0.305
981,0.17,0.25,198,4948,0.295
982,0.165,0.254,198,4955,0.315
983,0.16,0.254,198,4955,0.31
984,0.15,0.254,198,4960,0.31
985,0.14,0.256,198,4962,0.315
986,0.155,0.256,198,4966,0.305
987,0.145,0.262,199,4969,0.305
988,0.15,0.26,199,4974,0.3
989,0.145,0.262,199,4981,0.305
990,0.155,0.258,199,4988,0.295
991,0.15,0.254,199,4993,0.295
992,0.145,0.258,199,4994,0.3
993,0.145,0.26,199,4996,0.3
994,0.15,0.262,199,5001,0.3
995,0.16,0.266,199,5007,0.295
996,0.175,0.264,199,5010,0.28
997,0.18,0.264,199,5012,0.295
998,0.185,0.264,199,5017,0.3
999,0.18,0.268,199,5023,0.305
1000,0.18,0.268,199,5024,0.295
1001,0.18,0.272,200,5028,0.285
1002,0.18,0.27,200,5033,0.28
1003,0.19,0.272,200,5040,0.275
1004,0.18,0.272,200,5041,0.285
1005,0.17,0.272,200,5044,0.29
1006,0.165,0.27,200,5053,0.285
1007,0.15,0.264,200,5058,0.3
1008,0.15,0.262,200,5062,0.29
1009,0.17,0.262,201,5067,0.29
1010,0.18,0.262,201,5070,0.285
1011,0.18,0.26,201,5072,0.28
1012,0.17,0.266,201,5077,0.29
1013,0.16,0.268,201,5084,0.3
1014,0.15,0.266,202,5091,0.31
1015,0.15,0.264,202,5096,0.32
1016,0.15,0.266,202,5099,0.31
1017,0.16,0.264,202,5105,0.32
1018,0.155,0.268,202,5108,0.315
1019,0.17,0.268,202,5112,0.315
1020,0.18,0.268,203,5117,0.305
1021,0.18,0.268,203,5119,0.315
1022,0.18,0.272,203,5120,0.31
1023,0.18,0.276,203,5126,0.295
1024,0.185,0.274,204,5131,0.295
1025,0.18,0.274,204,5137,0.29
1026,0.185,0.276,204,5142,0.28
1027,0.185,0.274,205,5147,0.29
1028,0.175,0.278,205,5152,0.295
1029,0.16,0.276,205,5158,0.3
1030,0.165,0.274,205,5161,0.3
1031,0.165,0.276,205,5162,0.305
1032,0.17,0.276,205,5167,0.295
1033,0.18,0.278,206,5171,0.29
1034,0.2,0.28,206,5179,0.285
1035,0.205,0.278,206,5185,0.275
1036,0.205,0.28,206,5193,0.28
1037,0.205,0.276,206,5202,0.295
1038,0.19,0.272,206,5207,0.305
1039,0.175,0.268,206,5207,0.305
1040,0.165,0.268,206,5212,0.31
1041,0.185,0.266,206,5220,0.31
1042,0.19,0.264,206,5222,0.32
1043,0.2,0.264,206,5224,0.305
1044,0.185,0.27,206,5227,0.315
1045,0.185,0.274,206,5227,0.32
1046,0.19,0.278,207,5233,0.31
1047,0.205,0.28,208,5240,0.305
1048,0.21,0.28,208,5246,0.29
1049,0.22,0.284,208,5249,0.285
1050,0.22,0.286,208,5250,0.295
1051,0.225,0.288,208,5255,0.305
1052,0.21,0.292,208,5260,0.335
1053,0.2,0.292,208,5264,0.335
1054,0.205,0.29,208,5271,0.34
1055,0.19,0.284,208,5275,0.35
1056,0.215,0.286,208,5281,0.33
1057,0.21,0.284,208,5285,0.325
1058,0.22,0.28,209,5288,0.31
1059,0.21,0.282,209,5290,0.31
1060,0.205,0.284,209,5293,0.32
1061,0.195,0.282,209,5302,0.315
1062,0.185,0.28,209,5306,0.32
1063,0.18,0.282,209,5312,0.32
1064,0.16,0.282,210,5315,0.33
1065,0.16,0.282,210,5320,0.325
1066,0.16,0.282,210,5324,0.34
1067,0.145,0.282,212,5327,0.355
1068,0.13,0.278,212,5331,0.365
1069,0.105,0.278,212,5339,0.37
1070,0.115,0.276,212,5342,0.355
1071,0.115,0.28,212,5347,0.35
1072,0.1,0.28,212,5354,0.33
1073,0.1,0.276,212,5358,0.335
1074,0.105,0.276,212,5362,0.33
1075,0.095,0.274,212,5364,0.34
1076,0.09,0.276,212,5369,0.345
1077,0.085,0.272,212,5381,0.35
1078,0.09,0.266,213,5387,0.345
1079,0.11,0.266,213,5390,0.335
1080,0.115,0.268,213,5395,0.33
1081,0.11,0.268,213,5402,0.335
1082,0.115,0.268,213,5409,0.31
1083,0.125,0.268,213,5416,0.295
1084,0.135,0.26,213,5423,0.285
1085,0.14,0.256,213,5428,0.28
1086,0.15,0.256,213,5436,0.275
1087,0.155,0.256,213,5440,0.255
1088,0.155,0.254,213,5442,0.255
1089,0.17,0.256,213,5446,0.245
1090,0.17,0.256,213,5451,0.245
1091,0.19,0.252,213,5457,0.23
1092,0.18,0.248,213,5461,0.245
1093,0.185,0.252,213,5465,0.23
1094,0.185,0.254,213,5470,0.23
1095,0.195,0.256,213,5475,0.215
1096,0.195,0.26,213,5485,0.22
1097,0.185,0.26,214,5490,0.24
1098,0.19,0.256,214,5497,0.25
1099,0.21,0.252,215,5502,0.25
1100,0.215,0.248,215,5506,0.245
1101,0.21,0.252,215,5513,0.25
1102,0.215,0.256,215,5519,0.265
1103,0.2,0.256,215,5526,0.27
1104,0.195,0.262,216,5532,0.28
1105,0.185,0.262,217,5536,0.275
1106,0.175,0.266,217,5537,0.29
1107,0.185,0.268,218,5543,0.29
1108,0.18,0.266,218,5550,0.305
1109,0.175,0.264,218,5552,0.31
1110,0.16,0.264,219,5559,0.325
1111,0.16,0.27,219,5563,0.32
1112,0.165,0.272,219,5567,0.325
1113,0.18,0.27,219,5574,0.32
1114,0.16,0.264,219,5580,0.335
1115,0.155,0.268,219,5586,0.33
1116,0.16,0.264,220,5589,0.325
1117,0.14,0.266,221,5592,0.345
1118,0.145,0.266,221,5601,0.345
1119,0.155,0.258,221,5602,0.345
1120,0.15,0.262,221,5606,0.36
1121,0.15,0.264,221,5615,0.34
1122,0.135,0.258,221,5619,0.34
1123,0.145,0.256,221,5625,0.335
1124,0.145,0.258,221,5628,0.315
1125,0.15,0.258,221,5633,0.325
1126,0.145,0.256,221,5640,0.315
1127,0.145,0.254,221,5643,0.315
1128,0.145,0.252,221,5647,0.32
1129,0.135,0.254,221,5655,0.315
1130,0.135,0.25,222,5660,0.305
1131,0.13,0.26,222,5663,0.305
1132,0.125,0.264,222,5672,0.31
1133,0.13,0.266,222,5680,0.3
1134,0.14,0.262,222,5684,0.295
1135,0.13,0.262,222,5693,0.295
1136,0.13,0.26,223,5704,0.27
1137,0.1,0.252,224,5708,0.295
1138,0.105,0.256,224,5711,0.295
1139,0.11,0.264,224,5719,0.3
1140,0.11,0.26,224,5724,0.285
1141,0.11,0.258,224,5724,0.285
1142,0.115,0.26,224,5727,0.285
1143,0.115,0.262,224,5729,0.28
1144,0.11,0.264,224,5732,0.29
1145,0.1,0.262,224,5735,0.295
1146,0.125,0.264,225,5738,0.285
1147,0.135,0.26,225,5743,0.285
1148,0.145,0.258,225,5748,0.28
1149,0.155,0.254,225,5753,0.275
1150,0.15,0.248,225,5758,0.28
1151,0.17,0.248,225,5765,0.275
1152,0.175,0.246,225,5768,0.28
1153,0.165,0.246,225,5771,0.285
1154,0.17,0.248,225,5782,0.285
1155,0.175,0.246,225,5786,0.285
1156,0.185,0.248,225,5793,0.26
1157,0.18,0.246,225,5800,0.26
1158,0.185,0.246,225,5806,0.26
1159,0.185,0.25,225,5812,0.26
1160,0.18,0.254,225,5817,0.26
1161,0.18,0.256,225,5818,0.25
1162,0.185,0.26,225,5824,0.245
1163,0.18,0.256,225,5827,0.255
1164,0.185,0.258,225,5829,0.26
1165,0.165,0.26,226,5832,0.28
1166,0.16,0.264,226,5840,0.29
1167,0.145,0.262,226,5845,0.305
1168,0.14,0.26,226,5849,0.31
1169,0.135,0.258,227,5858,0.315
1170,0.13,0.254,227,5861,0.33
1171,0.12,0.256,228,5864,0.325
1172,0.125,0.254,228,5870,0.32
1173,0.12,0.254,230,5879,0.325
1174,0.115,0.252,230,5886,0.33
1175,0.115,0.254,230,5888,0.325
1176,0.12,0.256,230,5894,0.335
1177,0.12,0.256,231,5901,0.34
1178,0.115,0.254,231,5907,0.335
1179,0.115,0.254,231,5908,0.335
1180,0.12,0.254,231,5913,0.33
1181,0.115,0.252,231,5916,0.345
1182,0.12,0.248,231,5919,0.34
1183,0.115,0.246,231,5930,0.335
1184,0.115,0.244,231,5937,0.31
1185,0.125,0.244,231,5939,0.295
1186,0.13,0.248,231,5946,0.285
1187,0.135,0.246,231,5951,0.285
1188,0.14,0.25,231,5958,0.285
1189,0.13,0.246,231,5962,0.29
1190,0.13,0.246,231,5966,0.28
1191,0.125,0.242,231,5971,0.27
1192,0.12,0.234,231,5974,0.27
1193,0.13,0.232,231,5978,0.265
1194,0.14,0.23,231,5982,0.26
1195,0.135,0.228,231,5991,0.275
1196,0.145,0.226,231,5998,0.275
1197,0.15,0.226,232,6003,0.275
1198,0.155,0.226,232,6010,0.28
1199,0.175,0.23,232,6016,0.27
1200,0.155,0.23,232,6021,0.285
1201,0.17,0.234,233,6027,0.27
1202,0.165,0.236,233,6034,0.285
1203,0.165,0.238,234,6039,0.285
1204,0.175,0.244,235,6042,0.285
1205,0.175,0.242,235,6048,0.28
1206,0.185,0.236,235,6050,0.285
1207,0.185,0.238,235,6055,0.29
1208,0.175,0.238,235,6061,0.29
1209,0.175,0.238,235,6064,0.29
1210,0.18,0.24,235,6068,0.29
1211,0.175,0.246,235,6074,0.285
1212,0.185,0.246,235,6079,0.29
1213,0.17,0.244,235,6085,0.29
1214,0.16,0.242,236,6089,0.3
1215,0.15,0.238,236,6095,0.31
1216,0.16,0.232,237,6099,0.3
1217,0.145,0.232,237,6104,0.315
1218,0.135,0.234,237,6110,0.315
1219,0.145,0.228,238,6113,0.315
1220,0.145,0.23,239,6116,0.31
1221,0.135,0.236,239,6118,0.335
1222,0.14,0.236,239,6123,0.32
1223,0.13,0.238,239,6126,0.335
1224,0.14,0.246,239,6133,0.34
1225,0.145,0.246,239,6138,0.34
1226,0.15,0.242,239,6142,0.34
1227,0.15,0.248,239,6145,0.335
1228,0.15,0.248,239,6153,0.335
1229,0.155,0.246,239,6156,0.33
1230,0.16,0.248,239,6160,0.32
1231,0.145,0.25,239,6164,0.33
1232,0.155,0.256,241,6170,0.33
1233,0.155,0.258,241,6179,0.315
1234,0.145,0.256,241,6184,0.315
1235,0.145,0.252,242,6187,0.31
1236,0.14,0.252,242,6191,0.295
1237,0.14,0.25,242,6195,0.3
1238,0.14,0.252,242,6201,0.3
1239,0.155,0.252,242,6207,0.29
1240,0.155,0.252,243,6210,0.29
1241,0.155,0.25,243,6217,0.295
1242,0.155,0.248,243,6220,0.3
1243,0.16,0.246,243,6224,0.295
1244,0.16,0.246,243,6227,0.295
1245,0.17,0.25,243,6232,0.295
1246,0.165,0.256,243,6241,0.3
1247,0.18,0.254,244,6247,0.3
1248,0.18,0.256,244,6251,0.305
1249,0.19,0.256,245,6254,0.295
1250,0.19,0.26,246,6261,0.295
1251,0.18,0.26,246,6268,0.3
1252,0.19,0.26,246,6269,0.295
1253,0.195,0.262,246,6275,0.295
1254,0.19,0.256,246,6282,0.3
1255,0.185,0.26,247,6289,0.29
1256,0.18,0.264,247,6292,0.31
1257,0.185,0.266,247,6298,0.295
1258,0.19,0.26,248,6305,0.3
1259,0.18,0.26,248,6310,0.315
1260,0.17,0.262,248,6315,0.32
1261,0.18,0.262,249,6320,0.32
1262,0.17,0.262,249,6325,0.33
1263,0.17,0.264,249,6327,0.32
1264,0.16,0.264,249,6332,0.33
1265,0.15,0.264,249,6339,0.34
1266,0.16,0.262,249,6347,0.34
1267,0.15,0.258,249,6351,0.34
1268,0.14,0.256,250,6358,0.35
1269,0.14,0.254,250,6362,0.35
1270,0.135,0.254,250,6367,0.36
1271,0.15,0.254,250,6373,0.355
1272,0.165,0.256,250,6379,0.35
1273,0.15,0.256,251,6386,0.345
1274,0.15,0.256,251,6393,0.335
1275,0.14,0.252,252,6399,0.345
1276,0.145,0.254,252,6403,0.35
1277,0.135,0.258,253,6407,0.36
1278,0.145,0.258,253,6409,0.345
1279,0.135,0.258,254,6413,0.335
1280,0.145,0.26,254,6423,0.33
1281,0.14,0.258,254,6430,0.33
1282,0.15,0.258,254,6438,0.335
1283,0.155,0.26,254,6443,0.335
1284,0.155,0.256,254,6444,0.315
1285,0.15,0.254,254,6452,0.32
1286,0.165,0.252,254,6457,0.305
1287,0.175,0.25,254,6461,0.295
1288,0.165,0.248,254,6467,0.305
1289,0.175,0.25,255,6469,0.31
1290,0.17,0.254,255,6473,0.315
1291,0.165,0.256,255,6476,0.315
1292,0.16,0.262,255,6483,0.315
1293,0.17,0.26,255,6488,0.3
1294,0.15,0.26,256,6490,0.31
1295,0.155,0.258,256,6495,0.305
1296,0.17,0.258,256,6497,0.29
1297,0.17,0.258,256,6499,0.295
1298,0.155,0.26,257,6505,0.305
1299,0.155,0.256,257,6508,0.31
1300,0.165,0.258,258,6512,0.32
1301,0.165,0.258,259,6517,0.315
1302,0.175,0.258,259,6523,0.315
1303,0.185,0.258,259,6525,0.325
1304,0.195,0.258,259,6530,0.325
1305,0.2,0.256,259,6534,0.325
1306,0.195,0.256,259,6541,0.33
1307,0.175,0.256,260,6544,0.34
1308,0.17,0.256,261,6548,0.34
1309,0.175,0.256,261,6551,0.325
1310,0.175,0.26,261,6553,0.32
1311,0.175,0.264,261,6559,0.32
1312,0.18,0.262,262,6561,0.325
1313,0.16,0.264,263,6568,0.325
1314,0.16,0.268,263,6573,0.33
1315,0.155,0.27,263,6580,0.335
1316,0.15,0.268,263,6587,0.33
1317,0.145,0.266,264,6593,0.335
1318,0.14,0.268,264,6596,0.32
1319,0.13,0.266,264,6605,0.33
1320,0.115,0.27,264,6610,0.35
1321,0.115,0.266,264,6615,0.365
1322,0.105,0.264,264,6619,0.365
1323,0.1,0.266,266,6623,0.365
1324,0.1,0.266,266,6629,0.36
1325,0.12,0.262,267,6635,0.355
1326,0.125,0.262,267,6636,0.35
1327,0.14,0.266,267,6638,0.34
1328,0.135,0.266,267,6646,0.345
1329,0.13,0.266,267,6650,0.355
1330,0.135,0.268,267,6658,0.35
1331,0.14,0.264,267,6661,0.335
1332,0.14,0.262,268,6666,0.325
1333,0.145,0.262,269,6670,0.325
1334,0.16,0.26,269,6673,0.31
1335,0.175,0.26,269,6674,0.31
1336,0.175,0.262,269,6683,0.315
1337,0.19,0.262,269,6690,0.31
1338,0.19,0.256,269,6692,0.305
1339,0.195,0.256,269,6698,0.295
1340,0.195,0.258,269,6703,0.27
1341,0.2,0.26,269,6711,0.26
1342,0.2,0.254,269,6717,0.26
1343,0.185,0.256,269,6724,0.28
1344,0.17,0.25,270,6727,0.295
1345,0.185,0.252,270,6728,0.295
1346,0.175,0.254,270,6736,0.295
1347,0.18,0.252,270,6740,0.295
1348,0.18,0.258,270,6745,0.295
1349,0.185,0.26,270,6752,0.3
1350,0.195,0.264,270,6761,0.3
1351,0.195,0.258,270,6762,0.305
1352,0.18,0.256,270,6762,0.325
1353,0.18,0.258,270,6765,0.335
1354,0.18,0.258,270,6769,0.345
1355,0.16,0.258,270,6773,0.36
1356,0.155,0.258,270,6777,0.365
1357,0.15,0.258,270,6781,0.36
1358,0.155,0.258,270,6785,0.365
1359,0.155,0.26,270,6790,0.365
1360,0.16,0.258,270,6798,0.365
1361,0.165,0.256,270,6806,0.36
1362,0.165,0.254,270,6808,0.355
1363,0.175,0.256,272,6816,0.345
1364,0.17,0.256,272,6820,0.35
1365,0.18,0.256,272,6827,0.35
1366,0.175,0.254,272,6831,0.35
1367,0.165,0.252,273,6835,0.37
1368,0.155,0.25,273,6836,0.36
1369,0.155,0.252,274,6840,0.37
1370,0.145,0.256,274,6842,0.37
1371,0.15,0.256,274,6846,0.36
1372,0.145,0.26,274,6856,0.35
1373,0.135,0.256,274,6862,0.345
1374,0.145,0.258,274,6865,0.335
1375,0.15,0.256,274,6873,0.315
1376,0.155,0.252,274,6874,0.315
1377,0.15,0.254,274,6878,0.315
1378,0.165,0.264,274,6880,0.31
1379,0.155,0.264,274,6883,0.33
1380,0.16,0.264,274,6893,0.33
1381,0.16,0.27,274,6899,0.32
1382,0.16,0.27,274,6905,0.33
1383,0.13,0.27,274,6909,0.355
1384,0.13,0.27,274,6916,0.355
1385,0.125,0.264,274,6921,0.345
1386,0.13,0.262,274,6924,0.325
1387,0.14,0.258,274,6930,0.32
1388,0.14,0.254,274,6933,0.33
1389,0.135,0.256,274,6937,0.33
1390,0.135,0.254,274,6943,0.32
1391,0.145,0.252,274,6949,0.31
1392,0.155,0.258,274,6951,0.31
1393,0.15,0.26,274,6956,0.315
1394,0.175,0.262,274,6964,0.31
1395,0.185,0.258,274,6965,0.31
1396,0.175,0.26,274,6969,0.325
1397,0.165,0.258,274,6971,0.33
1398,0.155,0.26,274,6974,0.33
1399,0.15,0.26,274,6981,0.325
1400,0.145,0.254,274,6985,0.32
1401,0.145,0.254,274,6992,0.315
1402,0.145,0.254,275,6999,0.305
1403,0.155,0.248,275,7003,0.3
1404,0.155,0.25,275,7011,0.305
1405,0.185,0.244,276,7014,0.315
1406,0.19,0.244,276,7021,0.31
1407,0.19,0.24,276,7024,0.31
1408,0.195,0.242,276,7029,0.305
1409,0.195,0.244,276,7032,0.315
1410,0.2,0.246,276,7039,0.315
1411,0.19,0.244,276,7045,0.325
1412,0.17,0.242,276,7051,0.34
1413,0.175,0.24,276,7054,0.34
1414,0.155,0.242,276,7057,0.355
1415,0.16,0.242,276,7063,0.345
1416,0.165,0.24,277,7065,0.34
1417,0.18,0.242,277,7070,0.325
1418,0.195,0.244,277,7073,0.32
1419,0.2,0.24,277,7078,0.31
1420,0.2,0.248,277,7081,0.32
1421,0.2,0.25,277,7085,0.31
1422,0.19,0.254,277,7087,0.32
1423,0.17,0.256,277,7093,0.34
1424,0.16,0.248,277,7098,0.35
1425,0.15,0.252,277,7102,0.355
1426,0.145,0.262,278,7109,0.365
1427,0.155,0.26,278,7116,0.37
1428,0.145,0.258,278,7122,0.36
1429,0.155,0.254,278,7125,0.36
1430,0.16,0.254,278,7133,0.365
1431,0.165,0.254,278,7141,0.35
1432,0.175,0.254,278,7147,0.345
1433,0.175,0.256,278,7152,0.32
1434,0.165,0.264,278,7157,0.33
1435,0.16,0.26,278,7162,0.355
1436,0.16,0.262,278,7166,0.36
1437,0.165,0.262,278,7169,0.365
1438,0.155,0.268,278,7173,0.37
1439,0.145,0.266,278,7181,0.37
1440,0.145,0.264,278,7186,0.375
1441,0.155,0.266,278,7192,0.35
1442,0.165,0.266,279,7197,0.325
1443,0.165,0.268,281,7200,0.325
1444,0.16,0.27,282,7204,0.325
1445,0.155,0.27,284,7207,0.325
1446,0.15,0.27,285,7215,0.315
1447,0.16,0.268,285,7217,0.315
1448,0.15,0.27,286,7225,0.325
1449,0.15,0.272,287,7230,0.33
1450,0.15,0.268,287,7234,0.33
1451,0.15,0.262,287,7240,0.33
1452,0.155,0.266,288,7246,0.335
1453,0.15,0.262,288,7250,0.325
1454,0.155,0.262,288,7253,0.325
1455,0.14,0.266,288,7256,0.335
1456,0.145,0.268,288,7259,0.32
1457,0.15,0.268,288,7262,0.31
1458,0.15,0.272,288,7267,0.315
1459,0.145,0.27,288,7271,0.315
1460,0.135,0.27,289,7275,0.33
1461,0.15,0.27,290,7278,0.33
1462,0.15,0.27,291,7284,0.32
1463,0.16,0.278,293,7288,0.32
1464,0.165,0.274,294,7296,0.32
1465,0.18,0.274,295,7300,0.315
1466,0.19,0.274,295,7303,0.32
1467,0.21,0.272,296,7306,0.31
1468,0.215,0.278,297,7311,0.315
1469,0.23,0.28,297,7319,0.315
1470,0.23,0.278,297,7323,0.32
1471,0.22,0.28,297,7326,0.31
1472,0.21,0.284,297,7332,0.32
1473,0.215,0.292,297,7336,0.32
1474,0.21,0.292,297,7342,0.315
1475,0.215,0.286,297,7346,0.305
1476,0.22,0.288,297,7350,0.31
1477,0.23,0.288,297,7353,0.315
1478,0.225,0.29,297,7355,0.315
1479,0.21,0.292,298,7359,0.32
1480,0.21,0.3,298,7363,0.325
1481,0.225,0.304,298,7367,0.325
1482,0.23,0.302,298,7370,0.345
1483,0.22,0.304,298,7375,0.35
1484,0.22,0.302,298,7382,0.36
1485,0.19,0.304,298,7385,0.38
1486,0.18,0.3,299,7390,0.39
1487,0.165,0.298,299,7395,0.4
1488,0.15,0.3,299,7402,0.405
1489,0.16,0.296,300,7410,0.405
1490,0.175,0.29,300,7419,0.41
1491,0.175,0.29,300,7422,0.4
1492,0.175,0.3,300,7429,0.395
1493,0.175,0.296,300,7433,0.395
1494,0.18,0.294,301,7439,0.385
1495,0.17,0.292,301,7440,0.395
1496,0.17,0.3,301,7445,0.4
1497,0.175,0.3,301,7452,0.4
1498,0.17,0.294,301,7454,0.405
1499,0.17,0.294,301,7461,0.38
1500,0.14,0.294,301,7465,0.4
1501,0.14,0.292,301,7466,0.4
1502,0.16,0.3,301,7468,0.4
1503,0.15,0.306,301,7473,0.39
1504,0.175,0.312,301,7481,0.37
1505,0.18,0.31,301,7485,0.365
1506,0.175,0.308,301,7488,0.35
1507,0.175,0.312,301,7492,0.345
1508,0.18,0.316,301,7498,0.355
1509,0.185,0.318,301,7506,0.35
1510,0.185,0.32,301,7513,0.355
1511,0.18,0.328,301,7516,0.36
1512,0.2,0.33,301,7519,0.355
1513,0.205,0.332,302,7525,0.36
1514,0.2,0.33,302,7531,0.36
1515,0.205,0.328,303,7538,0.34
1516,0.205,0.328,303,7541,0.345
1517,0.22,0.33,303,7546,0.34
1518,0.23,0.33,303,7550,0.34
1519,0.22,0.328,303,7555,0.32
1520,0.22,0.33,303,7559,0.33
1521,0.22,0.334,303,7562,0.32
1522,0.21,0.338,303,7565,0.335
1523,0.21,0.336,303,7576,0.345
1524,0.22,0.332,304,7580,0.355
1525,0.215,0.336,304,7583,0.36
1526,0.205,0.336,304,7588,0.375
1527,0.195,0.34,305,7594,0.36
1528,0.2,0.334,305,7599,0.355
1529,0.22,0.334,305,7606,0.355
1530,0.2,0.33,305,7610,0.375
1531,0.205,0.328,305,7614,0.365
1532,0.215,0.324,306,7616,0.37
1533,0.215,0.324,306,7627,0.38
1534,0.22,0.32,306,7632,0.38
1535,0.205,0.328,306,7636,0.385
1536,0.2,0.328,306,7639,0.395
1537,0.195,0.33,307,7642,0.395
1538,0.205,0.33,307,7651,0.39
1539,0.2,0.332,307,7659,0.39
1540,0.19,0.332,308,7665,0.385
1541,0.18,0.332,309,7672,0.37
1542,0.165,0.33,309,7675,0.38
1543,0.155,0.338,309,7678,0.385
1544,0.155,0.338,310,7683,0.38
1545,0.15,0.334,310,7687,0.37
1546,0.14,0.334,312,7690,0.38
1547,0.14,0.33,312,7695,0.395
1548,0.14,0.328,312,7699,0.385
1549,0.15,0.334,312,7706,0.37
1550,0.155,0.334,312,7711,0.37
1551,0.15,0.336,312,7717,0.385
1552,0.145,0.336,312,7726,0.395
1553,0.16,0.332,312,7729,0.375
1554,0.165,0.332,313,7733,0.375
1555,0.17,0.334,315,7737,0.37
1556,0.16,0.33,315,7740,0.37
1557,0.16,0.332,315,7743,0.38
1558,0.165,0.332,315,7747,0.36
1559,0.175,0.334,315,7750,0.36
1560,0.175,0.338,315,7756,0.35
1561,0.2,0.338,315,7760,0.33
1562,0.205,0.338,315,7763,0.325
1563,0.21,0.342,316,7770,0.33
1564,0.22,0.348,316,7774,0.32
1565,0.215,0.346,316,7775,0.315
1566,0.21,0.346,316,7778,0.31
1567,0.22,0.348,316,7781,0.315
1568,0.235,0.348,316,7783,0.32
1569,0.22,0.35,316,7787,0.34
1570,0.225,0.354,317,7788,0.33
1571,0.22,0.356,318,7794,0.33
1572,0.225,0.356,320,7800,0.335
1573,0.21,0.362,320,7809,0.355
1574,0.225,0.358,320,7812,0.355
1575,0.23,0.36,320,7817,0.355
1576,0.235,0.358,320,7818,0.35
1577,0.24,0.36,320,7821,0.355
1578,0.23,0.358,320,7827,0.37
1579,0.235,0.358,320,7830,0.365
1580,0.23,0.356,320,7835,0.39
1581,0.225,0.36,320,7836,0.4
1582,0.24,0.368,320,7841,0.4
1583,0.255,0.364,321,7845,0.395
1584,0.255,0.362,321,7849,0.405
1585,0.255,0.366,321,7854,0.405
1586,0.25,0.358,321,7860,0.41
1587,0.23,0.356,321,7863,0.43
1588,0.23,0.362,321,7870,0.41
1589,0.235,0.352,321,7875,0.41
1590,0.245,0.358,321,7881,0.4
1591,0.23,0.366,321,7886,0.41
1592,0.205,0.364,321,7889,0.425
1593,0.2,0.364,321,7903,0.42
1594,0.205,0.35,321,7911,0.425
1595,0.22,0.346,321,7916,0.425
1596,0.225,0.338,321,7922,0.42
1597,0.215,0.332,321,7928,0.42
1598,0.2,0.334,321,7932,0.425
1599,0.19,0.336,322,7936,0.415
1600,0.175,0.338,323,7943,0.43
1601,0.16,0.334,323,7946,0.445
1602,0.16,0.336,323,7948,0.425
1603,0.13,0.334,324,7950,0.445
1604,0.125,0.334,325,7952,0.435
1605,0.12,0.34,325,7956,0.44
1606,0.11,0.34,325,7964,0.42
1607,0.125,0.342,326,7971,0.415
1608,0.135,0.344,326,7975,0.415
1609,0.145,0.342,326,7979,0.42
1610,0.155,0.342,326,7979,0.41
1611,0.165,0.348,326,7987,0.405
1612,0.165,0.342,327,7990,0.405
1613,0.17,0.338,327,8000,0.4
1614,0.175,0.334,328,8004,0.4
1615,0.165,0.332,329,8008,0.41
1616,0.195,0.332,329,8014,0.405
1617,0.205,0.33,329,8019,0.38
1618,0.2,0.33,330,8021,0.375
1619,0.22,0.332,330,8029,0.365
1620,0.235,0.324,330,8032,0.36
1621,0.24,0.324,330,8038,0.34
1622,0.23,0.322,330,8041,0.34
1623,0.24,0.328,330,8046,0.32
1624,0.25,0.326,330,8052,0.325
1625,0.235,0.324,331,8060,0.33
1626,0.23,0.326,331,8063,0.34
1627,0.22,0.33,331,8067,0.34
1628,0.23,0.326,331,8070,0.35
1629,0.23,0.326,331,8072,0.365
1630,0.23,0.334,331,8074,0.36
1631,0.225,0.336,332,8079,0.375
1632,0.23,0.344,333,8086,0.385
1633,0.225,0.342,334,8088,0.385
1634,0.21,0.348,334,8094,0.4
1635,0.205,0.344,334,8099,0.405
1636,0.2,0.344,334,8106,0.405
1637,0.19,0.344,334,8110,0.42
1638,0.18,0.34,336,8113,0.43
1639,0.195,0.34,337,8119,0.43
1640,0.195,0.34,337,8125,0.44
1641,0.195,0.338,337,8127,0.44
1642,0.19,0.338,337,8130,0.44
1643,0.18,0.338,337,8135,0.435
1644,0.19,0.34,337,8140,0.44
1645,0.18,0.338,337,8145,0.44
1646,0.18,0.34,337,8148,0.435
1647,0.18,0.338,337,8153,0.43
1648,0.19,0.336,338,8158,0.44
1649,0.165,0.33,338,8164,0.46
1650,0.17,0.33,338,8168,0.45
1651,0.19,0.328,338,8172,0.445
1652,0.18,0.324,339,8176,0.44
1653,0.175,0.326,339,8180,0.425
1654,0.18,0.332,341,8184,0.415
1655,0.185,0.334,341,8186,0.405
1656,0.195,0.336,342,8192,0.405
1657,0.2,0.334,342,8199,0.405
1658,0.205,0.33,342,8210,0.4
1659,0.2,0.336,342,8215,0.425
1660,0.2,0.33,344,8220,0.415
1661,0.205,0.33,345,8227,0.405
1662,0.205,0.322,345,8232,0.4
1663,0.21,0.322,345,8238,0.4
1664,0.225,0.326,345,8243,0.38
1665,0.215,0.33,345,8247,0.395
1666,0.21,0.33,346,8253,0.4
1667,0.205,0.326,346,8259,0.375
1668,0.185,0.326,347,8262,0.395
1669,0.17,0.328,347,8267,0.405
1670,0.185,0.33,347,8273,0.4
1671,0.19,0.326,347,8277,0.4
1672,0.2,0.324,347,8284,0.4
1673,0.2,0.322,347,8287,0.405
1674,0.19,0.32,348,8294,0.405
1675,0.195,0.318,348,8302,0.415
1676,0.195,0.318,348,8307,0.425
1677,0.18,0.318,348,8313,0.425
1678,0.2,0.314,349,8318,0.415
1679,0.205,0.312,349,8321,0.415
1680,0.205,0.314,349,8327,0.42
1681,0.205,0.316,349,8331,0.425
1682,0.215,0.32,350,8337,0.44
1683,0.205,0.32,350,8345,0.44
1684,0.205,0.324,350,8347,0.43
1685,0.205,0.328,350,8355,0.425
1686,0.215,0.324,350,8359,0.425
1687,0.22,0.324,350,8363,0.4
1688,0.23,0.32,350,8366,0.39
1689,0.225,0.326,351,8369,0.4
1690,0.23,0.326,351,8372,0.41
1691,0.215,0.328,351,8377,0.415
1692,0.205,0.324,351,8381,0.42
1693,0.205,0.324,351,8387,0.415
1694,0.205,0.322,351,8394,0.405
1695,0.18,0.316,351,8396,0.425
1696,0.19,0.32,351,8399,0.41
1697,0.185,0.318,351,8403,0.42
1698,0.185,0.316,351,8408,0.425
1699,0.19,0.316,353,8411,0.42
1700,0.19,0.32,353,8418,0.425
1701,0.185,0.324,353,8426,0.435
1702,0.18,0.324,353,8429,0.42
1703,0.18,0.326,353,8430,0.41
1704,0.185,0.33,353,8438,0.42
1705,0.19,0.334,353,8446,0.43
1706,0.18,0.332,353,8449,0.455
1707,0.17,0.336,354,8453,0.455
1708,0.175,0.34,354,8457,0.445
1709,0.185,0.346,354,8458,0.44
1710,0.2,0.35,354,8468,0.43
1711,0.215,0.342,355,8473,0.425
1712,0.21,0.34,355,8477,0.41
1713,0.195,0.344,355,8480,0.42
1714,0.19,0.346,355,8487,0.41
1715,0.195,0.348,355,8493,0.395
1716,0.185,0.348,356,8495,0.405
1717,0.18,0.35,356,8502,0.405
1718,0.17,0.346,356,8511,0.415
1719,0.185,0.338,356,8514,0.41
1720,0.185,0.336,356,8524,0.4
1721,0.19,0.324,356,8531,0.395
1722,0.185,0.32,357,8534,0.405
1723,0.18,0.324,357,8537,0.42
1724,0.18,0.33,357,8539,0.415
1725,0.2,0.33,357,8545,0.4
1726,0.21,0.33,359,8548,0.395
1727,0.21,0.328,359,8554,0.39
1728,0.2,0.332,359,8561,0.41
1729,0.195,0.33,359,8566,0.42
1730,0.19,0.328,359,8573,0.435
1731,0.19,0.326,359,8575,0.435
1732,0.2,0.328,360,8578,0.415
1733,0.205,0.326,360,8583,0.415
1734,0.205,0.322,360,8587,0.415
1735,0.195,0.322,360,8593,0.405
1736,0.195,0.32,360,8597,0.39
1737,0.205,0.318,360,8601,0.385
1738,0.195,0.328,360,8606,0.405
1739,0.185,0.33,360,8610,0.415
1740,0.195,0.328,360,8619,0.41
1741,0.185,0.332,360,8625,0.42
1742,0.18,0.326,360,8629,0.415
1743,0.17,0.328,362,8635,0.42
1744,0.165,0.324,363,8639,0.435
1745,0.17,0.324,363,8642,0.435
1746,0.185,0.322,364,8647,0.425
1747,0.175,0.322,364,8651,0.41
1748,0.175,0.326,364,8654,0.405
1749,0.17,0.326,364,8662,0.415
1750,0.175,0.328,364,8665,0.425
1751,0.18,0.328,364,8671,0.42
1752,0.185,0.328,364,8672,0.425
1753,0.19,0.33,364,8679,0.42
1754,0.2,0.326,364,8686,0.42
1755,0.205,0.324,364,8693,0.42
1756,0.205,0.32,364,8699,0.41
1757,0.2,0.322,364,8704,0.405
1758,0.215,0.324,364,8713,0.41
1759,0.215,0.322,364,8718,0.41
1760,0.2,0.318,364,8720,0.41
1761,0.21,0.318,364,8727,0.39
1762,0.22,0.326,364,8732,0.385
1763,0.22,0.328,364,8734,0.38
1764,0.23,0.326,364,8740,0.395
1765,0.215,0.324,364,8745,0.405
1766,0.215,0.33,364,8752,0.4
1767,0.22,0.33,364,8752,0.4
1768,0.22,0.334,364,8759,0.395
1769,0.2,0.338,364,8763,0.405
1770,0.2,0.334,364,8769,0.41
1771,0.215,0.334,364,8777,0.41
1772,0.205,0.336,365,8782,0.415
1773,0.2,0.336,366,8786,0.42
1774,0.2,0.338,366,8791,0.435
1775,0.2,0.336,366,8798,0.43
1776,0.2,0.334,366,8802,0.425
1777,0.21,0.336,366,8806,0.435
1778,0.21,0.336,366,8810,0.435
1779,0.205,0.338,366,8815,0.435
1780,0.195,0.336,366,8821,0.445
1781,0.19,0.34,366,8825,0.46
1782,0.19,0.342,367,8836,0.46
1783,0.185,0.342,367,8842,0.435
1784,0.185,0.346,367,8846,0.445
1785,0.185,0.346,367,8850,0.445
1786,0.17,0.344,367,8852,0.46
1787,0.185,0.346,367,8860,0.45
1788,0.195,0.346,367,8867,0.445
1789,0.2,0.35,367,8873,0.435
1790,0.195,0.348,367,8876,0.445
1791,0.2,0.35,367,8879,0.41
1792,0.2,0.35,367,8880,0.41
1793,0.195,0.354,368,8886,0.415
1794,0.2,0.356,369,8893,0.415
1795,0.21,0.354,369,8897,0.43
1796,0.195,0.356,369,8901,0.435
1797,0.205,0.354,369,8905,0.44
1798,0.21,0.362,369,8912,0.42
1799,0.215,0.36,369,8915,0.425
1800,0.22,0.36,369,8918,0.405
1801,0.23,0.362,369,8923,0.41
1802,0.23,0.356,370,8927,0.415
1803,0.215,0.36,370,8929,0.405
1804,0.225,0.362,370,8933,0.405
1805,0.225,0.368,370,8938,0.41
1806,0.22,0.37,370,8945,0.415
1807,0.23,0.362,372,8949,0.425
1808,0.23,0.362,372,8952,0.425
1809,0.24,0.362,372,8958,0.435
1810,0.245,0.366,372,8962,0.43
1811,0.235,0.36,372,8967,0.445
1812,0.24,0.364,372,8973,0.445
1813,0.23,0.364,372,8979,0.44
1814,0.215,0.362,373,8984,0.44
1815,0.23,0.358,373,8988,0.435
1816,0.21,0.36,373,8993,0.45
1817,0.2,0.362,373,8998,0.47
1818,0.2,0.366,373,9002,0.47
1819,0.205,0.37,373,9005,0.47
1820,0.215,0.37,373,9015,0.47
1821,0.215,0.366,373,9017,0.47
1822,0.215,0.368,373,9025,0.465
1823,0.22,0.362,373,9032,0.46
1824,0.21,0.36,374,9045,0.47
1825,0.21,0.35,374,9050,0.475
1826,0.215,0.348,374,9056,0.485
1827,0.205,0.352,375,9063,0.485
1828,0.2,0.346,376,9071,0.5
1829,0.205,0.34,376,9078,0.48
1830,0.195,0.34,376,9084,0.48
1831,0.19,0.338,376,9087,0.47
1832,0.185,0.34,376,9092,0.47
1833,0.165,0.346,376,9103,0.48
1834,0.16,0.354,377,9108,0.47
1835,0.17,0.346,377,9117,0.455
1836,0.165,0.344,377,9124,0.455
1837,0.18,0.34,377,9128,0.46
1838,0.17,0.344,378,9132,0.47
1839,0.165,0.342,378,9141,0.475
1840,0.165,0.34,379,9146,0.475
1841,0.16,0.34,379,9149,0.47
1842,0.165,0.34,379,9155,0.47
1843,0.165,0.344,379,9158,0.47
1844,0.15,0.342,379,9162,0.475
1845,0.165,0.344,379,9166,0.465
1846,0.18,0.346,379,9172,0.455
1847,0.185,0.342,379,9177,0.45
1848,0.19,0.342,379,9179,0.455
1849,0.21,0.342,380,9184,0.445
1850,0.22,0.34,380,9191,0.435
1851,0.23,0.334,380,9195,0.425
1852,0.235,0.336,380,9201,0.415
1853,0.235,0.336,380,9203,0.42
1854,0.235,0.338,380,9208,0.425
1855,0.23,0.334,381,9212,0.44
1856,0.235,0.334,381,9222,0.425
1857,0.235,0.334,382,9228,0.42
1858,0.245,0.33,382,9236,0.415
1859,0.23,0.326,383,9240,0.42
1860,0.22,0.326,383,9246,0.425
1861,0.22,0.32,383,9252,0.425
1862,0.22,0.324,383,9258,0.42
1863,0.22,0.324,383,9264,0.415
1864,0.21,0.326,383,9265,0.425
1865,0.205,0.328,383,9273,0.445
1866,0.195,0.328,383,9280,0.45
1867,0.19,0.322,384,9286,0.455
1868,0.2,0.318,384,9292,0.465
1869,0.19,0.316,384,9294,0.47
1870,0.175,0.318,384,9302,0.475
1871,0.16,0.314,385,9306,0.49
1872,0.165,0.318,385,9315,0.49
1873,0.16,0.316,385,9320,0.49
1874,0.155,0.31,386,9321,0.49
1875,0.15,0.31,386,9331,0.495
1876,0.155,0.302,387,9340,0.495
1877,0.145,0.3,388,9345,0.5
1878,0.155,0.298,388,9348,0.495
1879,0.155,0.3,388,9351,0.495
1880,0.155,0.302,388,9356,0.48
1881,0.15,0.308,389,9363,0.48
1882,0.145,0.304,389,9373,0.48
1883,0.145,0.296,389,9380,0.46
1884,0.14,0.29,389,9385,0.47
1885,0.15,0.288,389,9392,0.465
1886,0.15,0.29,389,9396,0.465
1887,0.145,0.292,390,9402,0.455
1888,0.155,0.292,390,9409,0.445
1889,0.145,0.288,390,9415,0.44
1890,0.15,0.288,390,9422,0.435
1891,0.155,0.286,390,9425,0.425
1892,0.165,0.286,390,9435,0.415
1893,0.155,0.276,390,9437,0.425
1894,0.15,0.274,390,9442,0.405
1895,0.145,0.272,390,9446,0.41
1896,0.13,0.27,390,9451,0.42
1897,0.145,0.278,390,9457,0.41
1898,0.15,0.276,390,9462,0.42
1899,0.155,0.28,390,9464,0.405
1900,0.155,0.276,390,9469,0.41
1901,0.155,0.278,390,9472,0.415
1902,0.155,0.274,390,9478,0.405
1903,0.16,0.274,390,9484,0.405
1904,0.15,0.27,391,9488,0.405
1905,0.145,0.266,391,9494,0.4
1906,0.14,0.268,392,9498,0.41
1907,0.15,0.268,393,9498,0.415
1908,0.145,0.272,393,9508,0.415
1909,0.15,0.27,393,9513,0.415
1910,0.145,0.264,393,9515,0.415
1911,0.145,0.264,393,9520,0.41
1912,0.155,0.262,393,9528,0.405
1913,0.155,0.264,393,9532,0.41
1914,0.165,0.266,393,9537,0.395
1915,0.165,0.27,393,9540,0.395
1916,0.15,0.27,393,9543,0.405
1917,0.145,0.27,393,9548,0.405
1918,0.13,0.274,394,9550,0.415
1919,0.13,0.274,394,9552,0.41
1920,0.135,0.278,394,9555,0.415
1921,0.13,0.28,396,9562,0.415
1922,0.13,0.28,396,9568,0.41
1923,0.13,0.274,396,9576,0.415
1924,0.125,0.274,396,9582,0.415
1925,0.13,0.272,396,9587,0.405
1926,0.13,0.276,396,9593,0.415
1927,0.13,0.276,396,9601,0.42
1928,0.14,0.276,396,9607,0.415
1929,0.14,0.274,397,9612,0.41
1930,0.13,0.272,397,9613,0.405
1931,0.13,0.272,397,9618,0.42
1932,0.125,0.27,397,9624,0.42
1933,0.145,0.268,397,9628,0.425
1934,0.145,0.268,397,9638,0.425
1935,0.15,0.266,397,9641,0.42
1936,0.16,0.266,397,9648,0.415
1937,0.165,0.262,397,9653,0.39
1938,0.155,0.26,397,9662,0.405
1939,0.16,0.258,397,9668,0.405
1940,0.17,0.254,397,9674,0.405
1941,0.175,0.252,397,9682,0.4
1942,0.175,0.252,397,9685,0.405
1943,0.17,0.25,397,9688,0.41
1944,0.175,0.25,397,9691,0.405
1945,0.175,0.252,397,9697,0.405
1946,0.175,0.25,398,9701,0.41
1947,0.18,0.25,398,9710,0.405
1948,0.18,0.248,398,9715,0.41
1949,0.19,0.248,398,9719,0.405
1950,0.205,0.252,398,9727,0.385
1951,0.19,0.25,398,9732,0.405
1952,0.18,0.248,399,9735,0.405
1953,0.175,0.246,399,9740,0.415
1954,0.19,0.248,400,9746,0.415
1955,0.19,0.25,401,9752,0.425
1956,0.18,0.25,403,9759,0.425
1957,0.19,0.25,403,9772,0.42
1958,0.185,0.25,403,9784,0.425
1959,0.18,0.242,403,9790,0.43
1960,0.17,0.242,403,9797,0.455
1961,0.18,0.248,403,9802,0.45
1962,0.18,0.25,403,9805,0.445
1963,0.18,0.252,403,9806,0.43
1964,0.17,0.262,403,9816,0.44
1965,0.18,0.256,403,9821,0.44
1966,0.17,0.258,403,9829,0.44
1967,0.175,0.256,403,9834,0.445
1968,0.17,0.26,403,9836,0.45
1969,0.165,0.266,404,9839,0.455
1970,0.165,0.27,404,9845,0.455
1971,0.15,0.268,404,9850,0.445
1972,0.15,0.268,404,9851,0.45
1973,0.13,0.272,404,9858,0.46
1974,0.125,0.272,404,9863,0.46
1975,0.13,0.276,404,9868,0.46
1976,0.13,0.274,405,9873,0.455
1977,0.135,0.274,406,9879,0.465
1978,0.155,0.276,406,9881,0.445
1979,0.14,0.28,406,9888,0.455
1980,0.14,0.282,407,9891,0.465
1981,0.155,0.288,407,9898,0.46
1982,0.155,0.288,407,9904,0.455
1983,0.145,0.284,407,9911,0.46
1984,0.16,0.282,407,9921,0.46
1985,0.155,0.278,408,9926,0.465
1986,0.155,0.28,408,9929,0.46
1987,0.16,0.282,409,9930,0.445
1988,0.16,0.28,409,9932,0.45
1989,0.175,0.28,409,9936,0.445
1990,0.18,0.286,409,9940,0.43
1991,0.195,0.284,409,9942,0.425
1992,0.21,0.282,409,9947,0.42
1993,0.2,0.276,409,9950,0.425
1994,0.2,0.282,409,9958,0.425
1995,0.195,0.28,409,9965,0.42
1996,0.2,0.278,409,9969,0.415
1997,0.185,0.282,409,9973,0.43
1998,0.19,0.282,409,9976,0.44
1999,0.18,0.282,410,9982,0.435
